"Reference","Qty","Value","DNP","Exclude from BOM","Exclude from Board","Footprint","Datasheet","MPN"
"C1,C2","2","22pF","","","","Capacitor_SMD:C_0603_1608Metric","~","CL10A475KQ8NNNC"
"C3,C4,C5,C6,C7,C11","6","100nF","","","","Capacitor_SMD:C_0603_1608Metric","~","CL10B104KB8NNNC"
"C8","1","1uF","","","","Capacitor_SMD:C_0603_1608Metric","~","C0603C105K9RACAUTO"
"C9,C10","2","4.7uF","","","","Capacitor_SMD:C_0603_1608Metric","~","CL10A475KQ8NNNC"
"D1","1","LED","","","","LED_SMD:LED_0805_2012Metric","~","CMD17-21VRD/TR8"
"J1","1","USB_C_Receptacle_USB2.0_14P","","","","Connector_USB:USB_C_Receptacle_HRO_TYPE-C-31-M-12","https://www.usb.org/sites/default/files/documents/usb_type-c.zip","12402012E212A"
"J2","1","Conn_01x04_Socket","","","","Connector_PinSocket_2.54mm:PinSocket_1x04_P2.54mm_Vertical","~",""
"J3","1","Conn_01x02_Socket","","","","Connector_JST:JST_PH_S2B-PH-K_1x02_P2.00mm_Horizontal","~",""
"Q1","1","FS8205A","","","","fs8205:SOT-23-6L_TCP","FS8205A","FS8205A"
"R1,R2","2","5.1k ohm","","","","Resistor_SMD:R_0603_1608Metric","~","FRC0603F5101TS"
"R3,R4","2","10k ohm","","","","Resistor_SMD:R_0603_1608Metric","~","RC0603FR-0710KL"
"R5","1","470ohm","","","","Resistor_SMD:R_0603_1608Metric","~","0603WAF4700T5E"
"R6,R10","2","1k ohm","","","","Resistor_SMD:R_0603_1608Metric","~"," FRC0603F1001TS,FRC0603F1001TS"
"R7","1","100 ohm","","","","Resistor_SMD:R_0603_1608Metric","~","Y4021100R000B9W"
"R8,R9","2","4.7k ohm","","","","Resistor_SMD:R_0603_1608Metric","~","RC0603FR-074K7L"
"R11","1","2k ohm","","","","Resistor_SMD:R_0603_1608Metric","~","0603WAF2001T5E"
"SW1","1","SW_Push","","","","Button_Switch_SMD:SW_Push_1P1T_NO_CK_KMR2","~","KMR641NG ULC LFS"
"SW2","1","RESET","","","","Button_Switch_SMD:SW_Push_1P1T_NO_CK_KMR2","~","KMR641NG ULC LFS"
"U1","1","ATMEGA328P-AU","","","","ATMEGA328P-AU:QFP80P900X900X120-32N","","ATMEGA328P-AU"
"U2","1","AP2112K-3.3TRG1","","","","ap2112k:SOT_RG1_DIO","AP2112K-3.3TRG1","AP2112K-3.3TRG1"
"U3","1","DW01A","","","","Package_TO_SOT_SMD:SOT-23-6","https://hmsemi.com/downfile/DW01A.PDF","DW01A"
"U4","1","MAX30102EFD_","","","","MAX30102EFD_:PSON80P330X560X165-14N","","MAX30102EFD+"
"U5","1","MCP73831-2-OT","","","","Package_TO_SOT_SMD:SOT-23-5","http://ww1.microchip.com/downloads/en/DeviceDoc/20001984g.pdf","MCP73831T-2ACI/OT"
"U6","1","CH340C","","","","CH340C:SOIC127P600X180-16N","https://datasheet.lcsc.com/szlcsc/Jiangsu-Qin-Heng-CH340C_C84681.pdf","CH340C"
"Y1","1","8MHz","","","","Crystal:Crystal_SMD_3225-4Pin_3.2x2.5mm","~"," X32258MOB4SI"
